,Actinobacteria,Bacteroidetes,Firmicutes,Fusobacteria,Lentisphaerae,Proteobacteria,Synergistetes,Verrucomicrobia
Actinobacteria,0.0,3.169924812030075,2.3278195488721805,-0.9842105263157894,0.9842105263157894,1.6278195488721803,0.8421052631578947,1.6278195488721803
Bacteroidetes,3.169924812030075,0.0,2.3278195488721805,0.05639097744360899,1.4857142857142858,2.469924812030075,-1.5421052631578946,1.6842105263157894
Firmicutes,2.3278195488721805,2.3278195488721805,0.0,-0.7,-0.7857142857142857,1.6278195488721803,2.3278195488721805,0.756390977443609
Fusobacteria,-0.9842105263157894,0.05639097744360899,-0.7,0.0,-2.3278195488721805,1.6842105263157894,0.08571428571428574,-0.05639097744360899
Lentisphaerae,0.9842105263157894,1.4857142857142858,-0.7857142857142857,-2.3278195488721805,0.0,-0.7857142857142857,-0.756390977443609,-0.8984962406015037
Proteobacteria,1.6278195488721803,2.469924812030075,1.6278195488721803,1.6842105263157894,-0.7857142857142857,0.0,-0.08571428571428574,-1.6842105263157894
Synergistetes,0.8421052631578947,-1.5421052631578946,2.3278195488721805,0.08571428571428574,-0.756390977443609,-0.08571428571428574,0.0,-2.3278195488721805
Verrucomicrobia,1.6278195488721803,1.6842105263157894,0.756390977443609,-0.05639097744360899,-0.8984962406015037,-1.6842105263157894,-2.3278195488721805,0.0
