,Actinobacteria,Bacteroidetes,Firmicutes,Fusobacteria,Lentisphaerae,Proteobacteria,Synergistetes,Verrucomicrobia
Actinobacteria,0.0,3.2055973266499582,3.2055973266499582,-2.4278195488721805,0.8500417710944025,1.5213868003341688,0.042105263157894646,0.8421052631578947
Bacteroidetes,3.2055973266499582,0.0,3.2055973266499582,0.0,-0.7857142857142857,2.4278195488721805,0.0,1.577777777777778
Firmicutes,3.2055973266499582,3.2055973266499582,0.0,0.05639097744360899,-1.6278195488721803,2.405597326649958,-0.7777777777777778,0.0
Fusobacteria,-2.4278195488721805,0.0,0.05639097744360899,0.0,-2.405597326649958,1.6500417710944029,0.007936507936507908,0.7213868003341688
Lentisphaerae,0.8500417710944025,-0.7857142857142857,-1.6278195488721803,-2.405597326649958,0.0,0.042105263157894646,0.8079365079365081,1.5213868003341688
Proteobacteria,1.5213868003341688,2.4278195488721805,2.405597326649958,1.6500417710944029,0.042105263157894646,0.0,0.7356725146198831,-1.577777777777778
Synergistetes,0.042105263157894646,0.0,-0.7777777777777778,0.007936507936507908,0.8079365079365081,0.7356725146198831,0.0,-1.5857142857142859
Verrucomicrobia,0.8421052631578947,1.577777777777778,0.0,0.7213868003341688,1.5213868003341688,-1.577777777777778,-1.5857142857142859,0.0
