,Actinobacteria,Bacteroidetes,Firmicutes,Fusobacteria,Lentisphaerae,Proteobacteria,Synergistetes,Verrucomicrobia
Actinobacteria,0.0,2.9921052631578946,2.3121052631578944,0.030000000000000027,1.4,-1.4300000000000002,0.5578947368421052,2.272105263157895
Bacteroidetes,2.9921052631578946,0.0,2.9921052631578946,-1.4300000000000002,-0.09210526315789469,2.9921052631578946,-1.47,1.5621052631578947
Firmicutes,2.3121052631578944,2.9921052631578946,0.0,1.4,0.09210526315789469,1.4300000000000002,0.0,0.0
Fusobacteria,0.030000000000000027,-1.4300000000000002,1.4,0.0,-2.2421052631578946,1.5221052631578948,-1.4300000000000002,-0.8421052631578947
Lentisphaerae,1.4,-0.09210526315789469,0.09210526315789469,-2.2421052631578946,0.0,0.12210526315789472,-0.68,-1.5621052631578947
Proteobacteria,-1.4300000000000002,2.9921052631578946,1.4300000000000002,1.5221052631578948,0.12210526315789472,0.0,1.5921052631578947,-2.9921052631578946
Synergistetes,0.5578947368421052,-1.47,0.0,-1.4300000000000002,-0.68,1.5921052631578947,0.0,0.0
Verrucomicrobia,2.272105263157895,1.5621052631578947,0.0,-0.8421052631578947,-1.5621052631578947,-2.9921052631578946,0.0,0.0
