,Actinobacteria,Bacteroidetes,Firmicutes,Fusobacteria,Lentisphaerae,Proteobacteria,Synergistetes,Verrucomicrobia
Actinobacteria,0.0,2.405597326649958,3.2477025898078526,-1.6278195488721803,0.8984962406015037,2.405597326649958,0.0643274853801169,2.461988304093567
Bacteroidetes,2.405597326649958,0.0,3.2477025898078526,0.7857142857142857,-1.6198830409356724,2.461988304093567,-0.7857142857142857,0.0
Firmicutes,3.2477025898078526,3.2477025898078526,0.0,0.0,0.0,1.6278195488721803,1.5634920634920635,-0.7857142857142857
Fusobacteria,-1.6278195488721803,0.7857142857142857,0.0,0.0,-1.6198830409356724,0.9064327485380116,-1.6198830409356724,0.7777777777777778
Lentisphaerae,0.8984962406015037,-1.6198830409356724,0.0,-1.6198830409356724,0.0,0.0,-0.8341687552213868,0.7777777777777778
Proteobacteria,2.405597326649958,2.461988304093567,1.6278195488721803,0.9064327485380116,0.0,0.0,0.0,-1.6762740183792815
Synergistetes,0.0643274853801169,-0.7857142857142857,1.5634920634920635,-1.6198830409356724,-0.8341687552213868,0.0,0.0,0.0
Verrucomicrobia,2.461988304093567,0.0,-0.7857142857142857,0.7777777777777778,0.7777777777777778,-1.6762740183792815,0.0,0.0
