,Actinobacteria,Bacteroidetes,Firmicutes,Fusobacteria,Lentisphaerae,Proteobacteria,Synergistetes,Verrucomicrobia
Actinobacteria,0.0,3.2382783882783883,3.2382783882783883,-0.016483516483516425,-0.8976190476190476,2.3882783882783882,-3.2382783882783883,-0.8335164835164836
Bacteroidetes,3.2382783882783883,0.0,3.2382783882783883,1.6998168498168498,0.06428571428571428,2.3882783882783882,0.0807692307692307,1.6833333333333333
Firmicutes,3.2382783882783883,3.2382783882783883,0.0,-0.85,-0.85,0.7692307692307693,-0.85,-0.016483516483516425
Fusobacteria,-0.016483516483516425,1.6998168498168498,-0.85,0.0,-1.554945054945055,-0.8333333333333334,0.7692307692307693,0.0
Lentisphaerae,-0.8976190476190476,0.06428571428571428,-0.85,-1.554945054945055,0.0,1.6833333333333333,0.7692307692307693,0.0
Proteobacteria,2.3882783882783882,2.3882783882783882,0.7692307692307693,-0.8333333333333334,1.6833333333333333,0.0,2.469047619047619,-0.8333333333333334
Synergistetes,-3.2382783882783883,0.0807692307692307,-0.85,0.7692307692307693,0.7692307692307693,2.469047619047619,0.0,0.7692307692307693
Verrucomicrobia,-0.8335164835164836,1.6833333333333333,-0.016483516483516425,0.0,0.0,-0.8333333333333334,0.7692307692307693,0.0
