,Actinobacteria,Bacteroidetes,Firmicutes,Fusobacteria,Lentisphaerae,Proteobacteria,Synergistetes,Verrucomicrobia
Actinobacteria,0.0,2.3278195488721805,3.169924812030075,-2.469924812030075,-0.643609022556391,1.4857142857142858,1.5421052631578946,0.14210526315789473
Bacteroidetes,2.3278195488721805,0.0,3.169924812030075,0.05639097744360899,-0.756390977443609,2.469924812030075,-0.7857142857142857,2.3842105263157896
Firmicutes,3.169924812030075,3.169924812030075,0.0,0.8421052631578947,1.5421052631578946,1.6278195488721803,0.08571428571428574,0.0
Fusobacteria,-2.469924812030075,0.05639097744360899,0.8421052631578947,0.0,-2.3278195488721805,1.769924812030075,-0.756390977443609,-0.19849624060150373
Lentisphaerae,-0.643609022556391,-0.756390977443609,1.5421052631578946,-2.3278195488721805,0.0,-0.08571428571428574,0.08571428571428574,-0.05639097744360899
Proteobacteria,1.4857142857142858,2.469924812030075,1.6278195488721803,1.769924812030075,-0.08571428571428574,0.0,0.0,-0.8421052631578947
Synergistetes,1.5421052631578946,-0.7857142857142857,0.08571428571428574,-0.756390977443609,0.08571428571428574,0.0,0.0,-1.6278195488721803
Verrucomicrobia,0.14210526315789473,2.3842105263157896,0.0,-0.19849624060150373,-0.05639097744360899,-0.8421052631578947,-1.6278195488721803,0.0
